<?xml version="1.0" encoding="UTF-8"?>
<configuration scan="true">

    <appender name="STDOUT" class="ch.qos.logback.core.ConsoleAppender">
        <!-- encoders are assigned the type
        ch.qos.logback.classic.encoder.PatternLayoutEncoder by default -->
        <encoder>
            <!--pattern>%d{HH:mm:ss.SSS} [%thread] %-5level %logger{36} - %msg%n</pattern-->
            <pattern>%d{ISO8601} | %-5.5p | choice-cm-web | %-16.16t | %-32.32c{1} | %X{X-Market-Code} | %X{SERVICE_NAME} | %X{X-Remote-IP} | %X{X-Request-Id} | %m%n</pattern>
        </encoder>
    </appender>
    
    <appender name="SIFT" class="ch.qos.logback.classic.sift.SiftingAppender">
        <discriminator>
            <key>X-Market-Code</key>
            <defaultValue>common</defaultValue>
        </discriminator>
        <sift>
            <appender name="FILE-${X-Market-Code}" class="ch.qos.logback.core.FileAppender">
                <file>${SERVER_LOG_ROOT}/choice-${X-Market-Code}.log</file>
                <append>false</append>
                <layout class="ch.qos.logback.classic.PatternLayout">
                    <pattern>%d{ISO8601} | %-5.5p | %-16.16t | %-32.32c{1} | %X{X-Market-Code} | %X{SERVICE_NAME} | %X{X-Remote-IP} | %X{X-Request-Id} | %m%n</pattern>
                </layout>
            </appender>
        </sift>
    </appender>
  
    <if condition='"local".equals(property("ENVIRONMENT"))'>
        <then>
            <logger name="org.dozer" level="INFO" />
            <logger name="org.apache.commons.beanutils.converters" level="INFO" />
            <logger name="com.avon.choice.core.sql.ResultSetListExtractor" level="INFO" />
            
            <property name="DEFAULT_LOGLEVEL" value="DEBUG"/>
        </then>
    </if>
    <if condition='"ci".equals(property("ENVIRONMENT"))'>
        <then>
            <logger name="org.dozer" level="INFO" />
            <logger name="org.apache.commons.beanutils.converters" level="INFO" />
            <logger name="com.avon.choice.core.sql.ResultSetListExtractor" level="INFO" />
            <logger name="org.collectd" level="TRACE" />

            <property name="DEFAULT_LOGLEVEL" value="DEBUG"/>
        </then>
    </if>
    <if condition='"dev".equals(property("ENVIRONMENT"))'>
        <then>
            <logger name="org.dozer" level="INFO" />
            <logger name="com.avon.choice.core.util.ResultSetListExtractor" level="INFO" />
            <logger name="org.apache.commons.beanutils.converters" level="INFO" />
            <logger name="com.avon.choice.rest.BadRequestFilter" level="DEBUG"/>

            <property name="DEFAULT_LOGLEVEL" value="INFO"/>
        </then>
    </if>
    <if condition='"qaf".equals(property("ENVIRONMENT"))'>
        <then>
            <logger name="org.dozer" level="INFO"/>
            <logger name="com.avon.choice.core.util.ResultSetListExtractor" level="INFO"/>
            <logger name="org.apache.commons.beanutils.converters" level="INFO"/>
            <logger name="com.avon.choice.rest.BadRequestFilter" level="DEBUG"/>
            <logger name="com.avon.choice.core.services.GenericDBBean" level="TRACE"/>
            <property name="DEFAULT_LOGLEVEL" value="DEBUG"/>
        </then>
    </if>
    <if condition='"qap".equals(property("ENVIRONMENT"))'>
        <then>
            <logger name="org.dozer" level="ERROR" />
            <logger name="com.avon.choice.core.util.ResultSetListExtractor" level="ERROR" />
            <logger name="org.apache.commons.beanutils.converters" level="ERROR" />

            <property name="DEFAULT_LOGLEVEL" value="ERROR"/>
        </then>
    </if>
    <if condition='"".equals(property("ENVIRONMENT")) || "prod".equals(property("ENVIRONMENT"))'>
        <then>
            <logger name="org.dozer" level="ERROR" />
            <logger name="com.avon.choice.core.util.ResultSetListExtractor" level="ERROR" />
            <logger name="org.apache.commons.beanutils.converters" level="ERROR" />
						
            <logger name="com.avon.choice.common.services.EmailProducerService"  level="INFO" />
            <logger name="com.avon.choice.common.services.EmailSenderService" level="INFO" />
            <logger name="com.avon.choice.common.services.TemplateService" level="INFO" />
            <logger name="com.avon.choice.email.EmailSenderService" level="INFO" />
            <logger name="com.avon.choice.utils.services" level="INFO" />
            <logger name="com.avon.choice.utils.cloud" level="WARN" />
            <logger name="org.apache.camel.impl.ScheduledPollConsumer" level="INFO" />
						
            <property name="DEFAULT_LOGLEVEL" value="ERROR"/>
        </then>
    </if>
    <if condition='"prod-debug".equals(property("ENVIRONMENT"))'>
        <then>
            <logger name="org.dozer" level="DEBUG" />
            <logger name="com.avon.choice.core.util.ResultSetListExtractor" level="DEBUG" />
            <logger name="org.apache.commons.beanutils.converters" level="DEBUG" />
            <property name="DEFAULT_LOGLEVEL" value="DEBUG"/>
       </then>
    </if> 
    <root level="${DEFAULT_LOGLEVEL}">
        <appender-ref ref="STDOUT" />
    </root>
</configuration>
