<?xml version="1.0" encoding="UTF-8"?>
<xmi:XMI xmi:version="2.0" xmlns:xmi="http://www.omg.org/XMI" xmlns:resources.j2c="http://www.ibm.com/websphere/appserver/schemas/5.0/resources.j2c.xmi" xmlns:resources.jdbc="http://www.ibm.com/websphere/appserver/schemas/5.0/resources.jdbc.xmi" xmlns:resources.jms="http://www.ibm.com/websphere/appserver/schemas/5.0/resources.jms.xmi" xmlns:resources.jms.mqseries="http://www.ibm.com/websphere/appserver/schemas/5.0/resources.jms.mqseries.xmi" xmlns:resources.mail="http://www.ibm.com/websphere/appserver/schemas/5.0/resources.mail.xmi" xmlns:resources.url="http://www.ibm.com/websphere/appserver/schemas/5.0/resources.url.xmi">
  <resources.jdbc:JDBCProvider xmi:id="builtin_jdbcprovider" name="Derby JDBC Provider (XA)" description="Built-in Derby JDBC Provider (XA)" providerType="Derby JDBC Provider (XA)" implementationClassName="org.apache.derby.jdbc.EmbeddedXADataSource" xa="true">
    <classpath>${DERBY_JDBC_DRIVER_PATH}/derby.jar</classpath>
  </resources.jdbc:JDBCProvider>
  <resources.jms:JMSProvider xmi:id="builtin_jmsprovider" name="WebSphere JMS Provider" description="V5 Default Messaging Provider" externalInitialContextFactory="" externalProviderURL=""/>
  <resources.jms:JMSProvider xmi:id="builtin_mqprovider" name="WebSphere MQ JMS Provider" description="WebSphere MQ Messaging Provider" externalInitialContextFactory="" externalProviderURL="">
    <factories xmi:type="resources.jms.mqseries:MQQueueConnectionFactory" xmi:id="MQQueueConnectionFactory_1432126505745" name="gomacqcf" jndiName="jms/gomacqcf" XAEnabled="true" queueManager="CMPLINX" host="cbylxqconmq1.uk.avon.com" port="1431" channel="GOMAC.SERVER.01" transportType="CLIENT" tempModel="SYSTEM.DEFAULT.MODEL.QUEUE" CCSID="819" failIfQuiesce="true" pollingInterval="5000" rescanInterval="5000" sslResetCount="0" clientReconnectOptions="DISABLED" clientReconnectTimeout="1800">
      <connectionPool xmi:id="ConnectionPool_1432126505767" purgePolicy="EntirePool"/>
      <mapping xmi:id="MappingModule_1432126505772" mappingConfigAlias="DefaultPrincipalMapping"/>
      <sessionPool xmi:id="ConnectionPool_1432126505770"/>
    </factories>
    <factories xmi:type="resources.jms.mqseries:MQQueue" xmi:id="MQQueue_1432126511359" name="gomacreq" jndiName="jms/gomacreq" persistence="APPLICATION_DEFINED" priority="APPLICATION_DEFINED" specifiedPriority="0" expiry="APPLICATION_DEFINED" specifiedExpiry="0" baseQueueName="GE.GOMAC.QL.ORDER.PREVIEW.REQ" CCSID="1208" useNativeEncoding="true" integerEncoding="Normal" decimalEncoding="Normal" floatingPointEncoding="IEEENormal" targetClient="MQ" queueManagerPort="1414" sendAsync="QUEUE_DEFINED" readAhead="QUEUE_DEFINED" mqmdReadEnabled="false" mqmdWriteEnabled="false" mqmdMessageContext="DEFAULT" messageBody="UNSPECIFIED" replyToStyle="DEFAULT"/>
    <factories xmi:type="resources.jms.mqseries:MQQueue" xmi:id="MQQueue_1432126511508" name="gomacresp" jndiName="jms/gomacresp" persistence="APPLICATION_DEFINED" priority="APPLICATION_DEFINED" specifiedPriority="0" expiry="APPLICATION_DEFINED" specifiedExpiry="0" baseQueueName="GE.GOMAC.QL.ORDER.PREVIEW.RPLY" CCSID="1208" useNativeEncoding="true" integerEncoding="Normal" decimalEncoding="Normal" floatingPointEncoding="IEEENormal" targetClient="MQ" queueManagerPort="1414" sendAsync="QUEUE_DEFINED" readAhead="QUEUE_DEFINED" mqmdReadEnabled="false" mqmdWriteEnabled="false" mqmdMessageContext="DEFAULT" messageBody="UNSPECIFIED" replyToStyle="DEFAULT"/>
  </resources.jms:JMSProvider>
  <resources.j2c:J2CResourceAdapter xmi:id="builtin_rra" name="WebSphere Relational Resource Adapter" description="Built-in Relational Resource Adapter for WebSphere Persistence" archivePath="${WAS_LIBS_DIR}/rsadapter.rar">
    <classpath>${WAS_LIBS_DIR}/rsadapter.rar</classpath>
    <factories xmi:type="resources.jdbc:CMPConnectorFactory" xmi:id="CMPConnectorFactory_1433232664677" name="webelds_CF" authMechanismPreference="BASIC_PASSWORD" connectionDefinition="ConnectionDefinition_1054132487569" cmpDatasource="DataSource_1433232664670">
      <propertySet xmi:id="J2EEResourcePropertySet_1433232664677"/>
    </factories>
    <factories xmi:type="resources.jdbc:CMPConnectorFactory" xmi:id="CMPConnectorFactory_1433232674359" name="webeldsph_CF" authMechanismPreference="BASIC_PASSWORD" connectionDefinition="ConnectionDefinition_1054132487569" cmpDatasource="DataSource_1433232674352">
      <propertySet xmi:id="J2EEResourcePropertySet_1433232674359"/>
    </factories>
    <propertySet xmi:id="J2EEResourcePropertySet_8"/>
    <deploymentDescriptor xmi:id="Connector_1054132487569" displayName="WS_RdbResourceAdapter" vendorName="IBM" specVersion="1.5" eisType="RRA" version="6.0">
      <icons xmi:id="IconType_1054132487569" smallIcon="rdb_small_icon.jpg" largeIcon="rdb_large_icon.jpg"/>
      <displayNames xmi:id="DisplayName_1466594947205" value="WS_RdbResourceAdapter"/>
      <descriptions xmi:id="Description_1054132487569" value="IBM Relational ResourceAdapter"/>
      <license xmi:id="License_1054132487569" required="false">
        <descriptions xmi:id="Description_1054132487570" value="IBM Relational ResourceAdapter"/>
      </license>
      <resourceAdapter xmi:id="ResourceAdapter_1054132487569" transactionSupport="NoTransaction" reauthenticationSupport="false" resourceAdapterClass="com.ibm.ws.rsadapter.spi.WSResourceAdapterImpl">
        <outboundResourceAdapter xmi:id="OutboundResourceAdapter_1054132487569" reauthenticationSupport="false" transactionSupport="XATransaction">
          <connectionDefinitions xmi:id="ConnectionDefinition_1054132487569" managedConnectionFactoryClass="com.ibm.ws.rsadapter.spi.WSManagedConnectionFactoryImpl" connectionFactoryInterface="javax.resource.cci.ConnectionFactory" connectionFactoryImplClass="com.ibm.ws.rsadapter.cci.WSRdbConnectionFactoryImpl" connectionInterface="javax.resource.cci.Connection" connectionImplClass="com.ibm.ws.rsadapter.cci.WSRdbConnectionImpl">
            <configProperties xmi:id="ConfigProperty_1054132487569" name="ConnectionFactoryType" type="java.lang.Integer" value="2">
              <descriptions xmi:id="Description_1054132487571" value="A constant indicating the type of connection factory: WSJdbcDataSource (1) or WSRdbConnectionFactory (2)"/>
            </configProperties>
          </connectionDefinitions>
          <authenticationMechanisms xmi:id="AuthenticationMechanism_1054132487589" authenticationMechanismType="BasicPassword" credentialInterface="javax.resource.spi.security.PasswordCredential">
            <descriptions xmi:id="Description_1054132487590" value="BasicPassword authentication"/>
          </authenticationMechanisms>
          <authenticationMechanisms xmi:id="AuthenticationMechanism_1054132487590" authenticationMechanismType="Kerbv5" credentialInterface="javax.resource.spi.security.GenericCredential">
            <descriptions xmi:id="Description_1054132487591" value="Kerbv5 Authentication"/>
          </authenticationMechanisms>
        </outboundResourceAdapter>
      </resourceAdapter>
    </deploymentDescriptor>
    <connectionDefTemplateProps xmi:id="ConnectionDefTemplateProps_1054132487589" ConnectionDefinition="ConnectionDefinition_1054132487569"/>
  </resources.j2c:J2CResourceAdapter>
  <resources.mail:MailProvider xmi:id="builtin_mailprovider" name="Built-in Mail Provider" description="The built-in mail provider">
    <protocolProviders xmi:id="builtin_smtp" protocol="smtp" classname="com.sun.mail.smtp.SMTPTransport" type="TRANSPORT"/>
    <protocolProviders xmi:id="builtin_pop3" protocol="pop3" classname="com.sun.mail.pop3.POP3Store" type="STORE"/>
    <protocolProviders xmi:id="builtin_imap" protocol="imap" classname="com.sun.mail.imap.IMAPStore" type="STORE"/>
    <protocolProviders xmi:id="builtin_smtps" protocol="smtps" classname="com.sun.mail.smtp.SMTPSSLTransport" type="TRANSPORT"/>
    <protocolProviders xmi:id="builtin_pop3s" protocol="pop3s" classname="com.sun.mail.pop3.POP3SSLStore" type="STORE"/>
    <protocolProviders xmi:id="builtin_imaps" protocol="imaps" classname="com.sun.mail.imap.IMAPSSLStore" type="STORE"/>
  </resources.mail:MailProvider>
  <resources.url:URLProvider xmi:id="URLProvider_1" name="Default URL Provider" streamHandlerClassName="unused" protocol="unused"/>
  <resources.j2c:J2CResourceAdapter xmi:id="J2CResourceAdapter_1319640854153" name="SIB JMS Resource Adapter" description="Default messaging provider" archivePath="${WAS_INSTALL_ROOT}/installedConnectors/sib.api.jmsra.rar" threadPoolAlias="SIBJMSRAThreadPool">
    <classpath>${WAS_INSTALL_ROOT}/installedConnectors/sib.api.jmsra.rar</classpath>
    <propertySet xmi:id="J2EEResourcePropertySet_1319640854154"/>
    <deploymentDescriptor xmi:id="Connector_1319640854154" displayName="WebSphere Default Messaging Provider" vendorName="IBM" specVersion="1.5" eisType="JMS Provider" version="0.3">
      <displayNames xmi:id="DisplayName_1466594947206" value="WebSphere Default Messaging Provider"/>
      <displayNames xmi:id="DisplayName_1319640854155" value="WebSphere Default Messaging Provider"/>
      <resourceAdapter xmi:id="ResourceAdapter_1319640854154" transactionSupport="NoTransaction" reauthenticationSupport="false" resourceAdapterClass="com.ibm.ws.sib.api.jmsra.impl.JmsJcaResourceAdapterImpl">
        <outboundResourceAdapter xmi:id="OutboundResourceAdapter_1319640854154" reauthenticationSupport="false" transactionSupport="XATransaction">
          <connectionDefinitions xmi:id="ConnectionDefinition_1319640854154" managedConnectionFactoryClass="com.ibm.ws.sib.api.jmsra.impl.JmsJcaManagedQueueConnectionFactoryImpl" connectionFactoryInterface="javax.jms.QueueConnectionFactory" connectionFactoryImplClass="com.ibm.ws.sib.api.jms.impl.JmsQueueConnFactoryImpl" connectionInterface="javax.jms.QueueConnection" connectionImplClass="com.ibm.ws.sib.api.jms.impl.JmsQueueConnectionImpl">
            <configProperties xmi:id="ConfigProperty_1319640854154" name="BusName" type="java.lang.String"/>
            <configProperties xmi:id="ConfigProperty_1319640854155" name="ClientID" type="java.lang.String"/>
            <configProperties xmi:id="ConfigProperty_1319640854156" name="UserName" type="java.lang.String"/>
            <configProperties xmi:id="ConfigProperty_1319640854157" name="Password" type="java.lang.String"/>
            <configProperties xmi:id="ConfigProperty_1319640854158" name="NonPersistentMapping" type="java.lang.String" value="ExpressNonPersistent"/>
            <configProperties xmi:id="ConfigProperty_1319640854159" name="PersistentMapping" type="java.lang.String" value="ReliablePersistent"/>
            <configProperties xmi:id="ConfigProperty_1319640854160" name="ReadAhead" type="java.lang.String" value="Default"/>
            <configProperties xmi:id="ConfigProperty_1319640854161" name="Target" type="java.lang.String"/>
            <configProperties xmi:id="ConfigProperty_1319640854162" name="TargetType" type="java.lang.String" value="BusMember"/>
            <configProperties xmi:id="ConfigProperty_1319640854163" name="TargetSignificance" type="java.lang.String" value="Preferred"/>
            <configProperties xmi:id="ConfigProperty_1319640854164" name="RemoteProtocol" type="java.lang.String"/>
            <configProperties xmi:id="ConfigProperty_1319640854165" name="TargetTransportChain" type="java.lang.String"/>
            <configProperties xmi:id="ConfigProperty_1319640854166" name="ProviderEndpoints" type="java.lang.String"/>
            <configProperties xmi:id="ConfigProperty_1319640854167" name="ConnectionProximity" type="java.lang.String" value="Bus"/>
            <configProperties xmi:id="ConfigProperty_1319640854168" name="TemporaryQueueNamePrefix" type="java.lang.String"/>
            <configProperties xmi:id="ConfigProperty_1319640854169" name="ShareDataSourceWithCMP" type="java.lang.Boolean" value="false"/>
            <configProperties xmi:id="ConfigProperty_1319640854170" name="ProducerDoesNotModifyPayloadAfterSet" type="java.lang.String" value="false"/>
            <configProperties xmi:id="ConfigProperty_1319640854171" name="ConsumerDoesNotModifyPayloadAfterGet" type="java.lang.String" value="false"/>
          </connectionDefinitions>
          <connectionDefinitions xmi:id="ConnectionDefinition_1319640854155" managedConnectionFactoryClass="com.ibm.ws.sib.api.jmsra.impl.JmsJcaManagedTopicConnectionFactoryImpl" connectionFactoryInterface="javax.jms.TopicConnectionFactory" connectionFactoryImplClass="com.ibm.ws.sib.api.jms.impl.JmsTopicConnFactoryImpl" connectionInterface="javax.jms.TopicConnection" connectionImplClass="com.ibm.ws.sib.api.jms.impl.JmsTopicConnectionImpl">
            <configProperties xmi:id="ConfigProperty_1319640854172" name="BusName" type="java.lang.String"/>
            <configProperties xmi:id="ConfigProperty_1319640854173" name="ClientID" type="java.lang.String"/>
            <configProperties xmi:id="ConfigProperty_1319640854174" name="UserName" type="java.lang.String"/>
            <configProperties xmi:id="ConfigProperty_1319640854175" name="Password" type="java.lang.String"/>
            <configProperties xmi:id="ConfigProperty_1319640854176" name="NonPersistentMapping" type="java.lang.String" value="ExpressNonPersistent"/>
            <configProperties xmi:id="ConfigProperty_1319640854177" name="PersistentMapping" type="java.lang.String" value="ReliablePersistent"/>
            <configProperties xmi:id="ConfigProperty_1319640854178" name="DurableSubscriptionHome" type="java.lang.String"/>
            <configProperties xmi:id="ConfigProperty_1319640854179" name="ReadAhead" type="java.lang.String" value="Default"/>
            <configProperties xmi:id="ConfigProperty_1319640854180" name="Target" type="java.lang.String"/>
            <configProperties xmi:id="ConfigProperty_1319640854181" name="TargetType" type="java.lang.String" value="BusMember"/>
            <configProperties xmi:id="ConfigProperty_1319640854182" name="TargetSignificance" type="java.lang.String" value="Preferred"/>
            <configProperties xmi:id="ConfigProperty_1319640854183" name="RemoteProtocol" type="java.lang.String"/>
            <configProperties xmi:id="ConfigProperty_1319640854184" name="TargetTransportChain" type="java.lang.String"/>
            <configProperties xmi:id="ConfigProperty_1319640854185" name="ProviderEndpoints" type="java.lang.String"/>
            <configProperties xmi:id="ConfigProperty_1319640854186" name="ConnectionProximity" type="java.lang.String" value="Bus"/>
            <configProperties xmi:id="ConfigProperty_1319640854187" name="TemporaryTopicNamePrefix" type="java.lang.String"/>
            <configProperties xmi:id="ConfigProperty_1319640854188" name="ShareDataSourceWithCMP" type="java.lang.Boolean" value="false"/>
            <configProperties xmi:id="ConfigProperty_1319640854189" name="ShareDurableSubscriptions" type="java.lang.String" value="InCluster"/>
            <configProperties xmi:id="ConfigProperty_1319640854190" name="ProducerDoesNotModifyPayloadAfterSet" type="java.lang.String" value="false"/>
            <configProperties xmi:id="ConfigProperty_1319640854191" name="ConsumerDoesNotModifyPayloadAfterGet" type="java.lang.String" value="false"/>
          </connectionDefinitions>
          <connectionDefinitions xmi:id="ConnectionDefinition_1319640854156" managedConnectionFactoryClass="com.ibm.ws.sib.api.jmsra.impl.JmsJcaManagedConnectionFactoryImpl" connectionFactoryInterface="javax.jms.ConnectionFactory" connectionFactoryImplClass="com.ibm.ws.sib.api.jms.impl.JmsConnFactoryImpl" connectionInterface="javax.jms.Connection" connectionImplClass="com.ibm.ws.sib.api.jms.impl.JmsConnectionImpl">
            <configProperties xmi:id="ConfigProperty_1319640854192" name="BusName" type="java.lang.String"/>
            <configProperties xmi:id="ConfigProperty_1319640854193" name="ClientID" type="java.lang.String"/>
            <configProperties xmi:id="ConfigProperty_1319640854194" name="UserName" type="java.lang.String"/>
            <configProperties xmi:id="ConfigProperty_1319640854195" name="Password" type="java.lang.String"/>
            <configProperties xmi:id="ConfigProperty_1319640854196" name="NonPersistentMapping" type="java.lang.String" value="ExpressNonPersistent"/>
            <configProperties xmi:id="ConfigProperty_1319640854197" name="PersistentMapping" type="java.lang.String" value="ReliablePersistent"/>
            <configProperties xmi:id="ConfigProperty_1319640854198" name="DurableSubscriptionHome" type="java.lang.String"/>
            <configProperties xmi:id="ConfigProperty_1319640854199" name="ReadAhead" type="java.lang.String" value="Default"/>
            <configProperties xmi:id="ConfigProperty_1319640854200" name="Target" type="java.lang.String"/>
            <configProperties xmi:id="ConfigProperty_1319640854201" name="TargetType" type="java.lang.String" value="BusMember"/>
            <configProperties xmi:id="ConfigProperty_1319640854202" name="TargetSignificance" type="java.lang.String" value="Preferred"/>
            <configProperties xmi:id="ConfigProperty_1319640854203" name="RemoteProtocol" type="java.lang.String"/>
            <configProperties xmi:id="ConfigProperty_1319640854204" name="TargetTransportChain" type="java.lang.String"/>
            <configProperties xmi:id="ConfigProperty_1319640854205" name="ProviderEndpoints" type="java.lang.String"/>
            <configProperties xmi:id="ConfigProperty_1319640854206" name="ConnectionProximity" type="java.lang.String" value="Bus"/>
            <configProperties xmi:id="ConfigProperty_1319640854207" name="TemporaryQueueNamePrefix" type="java.lang.String"/>
            <configProperties xmi:id="ConfigProperty_1319640854208" name="TemporaryTopicNamePrefix" type="java.lang.String"/>
            <configProperties xmi:id="ConfigProperty_1319640854209" name="ShareDataSourceWithCMP" type="java.lang.Boolean" value="false"/>
            <configProperties xmi:id="ConfigProperty_1319640854210" name="ShareDurableSubscriptions" type="java.lang.String" value="InCluster"/>
            <configProperties xmi:id="ConfigProperty_1319640854211" name="ProducerDoesNotModifyPayloadAfterSet" type="java.lang.String" value="false"/>
            <configProperties xmi:id="ConfigProperty_1319640854212" name="ConsumerDoesNotModifyPayloadAfterGet" type="java.lang.String" value="false"/>
          </connectionDefinitions>
          <authenticationMechanisms xmi:id="AuthenticationMechanism_1319640854155" authenticationMechanismType="BasicPassword" credentialInterface="javax.resource.spi.security.PasswordCredential"/>
        </outboundResourceAdapter>
        <inboundResourceAdapter xmi:id="InboundResourceAdapter_1319640854155">
          <messageAdapter xmi:id="MessageAdapter_1319640854155">
            <messageListeners xmi:id="MessageListener_1319640854155" messageListenerType="javax.jms.MessageListener">
              <activationSpec xmi:id="ActivationSpec_1319640854155" activationSpecClass="com.ibm.ws.sib.api.jmsra.impl.JmsJcaActivationSpecImpl">
                <requiredConfigProperties xmi:id="RequiredConfigPropertyType_1319640854155" name="destination"/>
                <requiredConfigProperties xmi:id="RequiredConfigPropertyType_1319640854156" name="destinationType"/>
                <requiredConfigProperties xmi:id="RequiredConfigPropertyType_1319640854157" name="busName"/>
              </activationSpec>
            </messageListeners>
          </messageAdapter>
        </inboundResourceAdapter>
        <adminObjects xmi:id="AdminObject_1319640854155" adminObjectInterface="javax.jms.Queue" adminObjectClass="com.ibm.ws.sib.api.jms.impl.JmsQueueImpl">
          <configProperties xmi:id="ConfigProperty_1319640854213" name="QueueName" type="java.lang.String"/>
          <configProperties xmi:id="ConfigProperty_1319640854214" name="DeliveryMode" type="java.lang.String" value="Application"/>
          <configProperties xmi:id="ConfigProperty_1319640854215" name="TimeToLive" type="java.lang.Long"/>
          <configProperties xmi:id="ConfigProperty_1319640854216" name="Priority" type="java.lang.Integer"/>
          <configProperties xmi:id="ConfigProperty_1319640854217" name="ReadAhead" type="java.lang.String" value="AsConnection"/>
          <configProperties xmi:id="ConfigProperty_1319640854218" name="BusName" type="java.lang.String"/>
        </adminObjects>
        <adminObjects xmi:id="AdminObject_1319640854156" adminObjectInterface="javax.jms.Topic" adminObjectClass="com.ibm.ws.sib.api.jms.impl.JmsTopicImpl">
          <configProperties xmi:id="ConfigProperty_1319640854219" name="TopicSpace" type="java.lang.String" value="Default.Topic.Space"/>
          <configProperties xmi:id="ConfigProperty_1319640854220" name="TopicName" type="java.lang.String"/>
          <configProperties xmi:id="ConfigProperty_1319640854221" name="DeliveryMode" type="java.lang.String" value="Application"/>
          <configProperties xmi:id="ConfigProperty_1319640854222" name="TimeToLive" type="java.lang.Long"/>
          <configProperties xmi:id="ConfigProperty_1319640854223" name="Priority" type="java.lang.Integer"/>
          <configProperties xmi:id="ConfigProperty_1319640854224" name="ReadAhead" type="java.lang.String" value="AsConnection"/>
          <configProperties xmi:id="ConfigProperty_1319640854225" name="BusName" type="java.lang.String"/>
        </adminObjects>
      </resourceAdapter>
    </deploymentDescriptor>
    <connectionDefTemplateProps xmi:id="ConnectionDefTemplateProps_1319640854156" ConnectionDefinition="ConnectionDefinition_1319640854154">
      <resourceProperties xmi:id="J2EEResourceProperty_1319640854156" name="BusName" type="java.lang.String" required="false"/>
      <resourceProperties xmi:id="J2EEResourceProperty_1319640854157" name="ClientID" type="java.lang.String" required="false"/>
      <resourceProperties xmi:id="J2EEResourceProperty_1319640854158" name="ConnectionProximity" type="java.lang.String" value="Bus" required="false"/>
      <resourceProperties xmi:id="J2EEResourceProperty_1319640854159" name="durableSubscriptionHome" type="java.lang.String" required="false"/>
      <resourceProperties xmi:id="J2EEResourceProperty_1319640854160" name="NonPersistentMapping" type="java.lang.String" value="ExpressNonPersistent" required="false"/>
      <resourceProperties xmi:id="J2EEResourceProperty_1319640854161" name="Password" type="java.lang.String" required="false"/>
      <resourceProperties xmi:id="J2EEResourceProperty_1319640854162" name="PersistentMapping" type="java.lang.String" value="ReliablePersistent" required="false"/>
      <resourceProperties xmi:id="J2EEResourceProperty_1319640854163" name="ProviderEndpoints" type="java.lang.String" required="false"/>
      <resourceProperties xmi:id="J2EEResourceProperty_1319640854164" name="ReadAhead" type="java.lang.String" value="Default" required="false"/>
      <resourceProperties xmi:id="J2EEResourceProperty_1319640854165" name="RemoteProtocol" type="java.lang.String" required="false"/>
      <resourceProperties xmi:id="J2EEResourceProperty_1319640854166" name="TargetTransportChain" type="java.lang.String" required="false"/>
      <resourceProperties xmi:id="J2EEResourceProperty_1319640854167" name="ShareDataSourceWithCMP" type="java.lang.Boolean" value="false" required="false"/>
      <resourceProperties xmi:id="J2EEResourceProperty_1319640854168" name="shareDurableSubscriptions" type="java.lang.String" value="AsCluster" required="false"/>
      <resourceProperties xmi:id="J2EEResourceProperty_1319640854169" name="Target" type="java.lang.String" required="false"/>
      <resourceProperties xmi:id="J2EEResourceProperty_1319640854170" name="TargetSignificance" type="java.lang.String" value="Preferred" required="false"/>
      <resourceProperties xmi:id="J2EEResourceProperty_1319640854171" name="TargetType" type="java.lang.String" value="BusMember" required="false"/>
      <resourceProperties xmi:id="J2EEResourceProperty_1319640854172" name="TemporaryQueueNamePrefix" type="java.lang.String" required="false"/>
      <resourceProperties xmi:id="J2EEResourceProperty_1319640854173" name="temporaryTopicNamePrefix" type="java.lang.String" required="false"/>
      <resourceProperties xmi:id="J2EEResourceProperty_1319640854174" name="UserName" type="java.lang.String" required="false"/>
      <resourceProperties xmi:id="J2EEResourceProperty_1319640854175" name="ProducerDoesNotModifyPayloadAfterSet" type="java.lang.String" required="false"/>
      <resourceProperties xmi:id="J2EEResourceProperty_1319640854176" name="ConsumerDoesNotModifyPayloadAfterGet" type="java.lang.String" required="false"/>
    </connectionDefTemplateProps>
    <connectionDefTemplateProps xmi:id="ConnectionDefTemplateProps_1319640854157" ConnectionDefinition="ConnectionDefinition_1319640854155">
      <resourceProperties xmi:id="J2EEResourceProperty_1319640854177" name="BusName" type="java.lang.String" required="false"/>
      <resourceProperties xmi:id="J2EEResourceProperty_1319640854178" name="ClientID" type="java.lang.String" required="false"/>
      <resourceProperties xmi:id="J2EEResourceProperty_1319640854179" name="ConnectionProximity" type="java.lang.String" value="Bus" required="false"/>
      <resourceProperties xmi:id="J2EEResourceProperty_1319640854180" name="DurableSubscriptionHome" type="java.lang.String" required="false"/>
      <resourceProperties xmi:id="J2EEResourceProperty_1319640854181" name="NonPersistentMapping" type="java.lang.String" value="ExpressNonPersistent" required="false"/>
      <resourceProperties xmi:id="J2EEResourceProperty_1319640854182" name="Password" type="java.lang.String" required="false"/>
      <resourceProperties xmi:id="J2EEResourceProperty_1319640854183" name="PersistentMapping" type="java.lang.String" value="ReliablePersistent" required="false"/>
      <resourceProperties xmi:id="J2EEResourceProperty_1319640854184" name="ProviderEndpoints" type="java.lang.String" required="false"/>
      <resourceProperties xmi:id="J2EEResourceProperty_1319640854185" name="ReadAhead" type="java.lang.String" value="Default" required="false"/>
      <resourceProperties xmi:id="J2EEResourceProperty_1319640854186" name="RemoteProtocol" type="java.lang.String" required="false"/>
      <resourceProperties xmi:id="J2EEResourceProperty_1319640854187" name="TargetTransportChain" type="java.lang.String" required="false"/>
      <resourceProperties xmi:id="J2EEResourceProperty_1319640854188" name="ShareDataSourceWithCMP" type="java.lang.Boolean" value="false" required="false"/>
      <resourceProperties xmi:id="J2EEResourceProperty_1319640854189" name="ShareDurableSubscriptions" type="java.lang.String" value="InCluster" required="false"/>
      <resourceProperties xmi:id="J2EEResourceProperty_1319640854190" name="Target" type="java.lang.String" required="false"/>
      <resourceProperties xmi:id="J2EEResourceProperty_1319640854191" name="TargetSignificance" type="java.lang.String" value="Preferred" required="false"/>
      <resourceProperties xmi:id="J2EEResourceProperty_1319640854192" name="TargetType" type="java.lang.String" value="BusMember" required="false"/>
      <resourceProperties xmi:id="J2EEResourceProperty_1319640854193" name="temporaryQueueNamePrefix" type="java.lang.String" required="false"/>
      <resourceProperties xmi:id="J2EEResourceProperty_1319640854194" name="TemporaryTopicNamePrefix" type="java.lang.String" required="false"/>
      <resourceProperties xmi:id="J2EEResourceProperty_1319640854195" name="UserName" type="java.lang.String" required="false"/>
      <resourceProperties xmi:id="J2EEResourceProperty_1319640854196" name="ProducerDoesNotModifyPayloadAfterSet" type="java.lang.String" required="false"/>
      <resourceProperties xmi:id="J2EEResourceProperty_1319640854197" name="ConsumerDoesNotModifyPayloadAfterGet" type="java.lang.String" required="false"/>
    </connectionDefTemplateProps>
    <connectionDefTemplateProps xmi:id="ConnectionDefTemplateProps_1319640854158" ConnectionDefinition="ConnectionDefinition_1319640854156">
      <resourceProperties xmi:id="J2EEResourceProperty_1319640854198" name="BusName" type="java.lang.String" required="false"/>
      <resourceProperties xmi:id="J2EEResourceProperty_1319640854199" name="ClientID" type="java.lang.String" required="false"/>
      <resourceProperties xmi:id="J2EEResourceProperty_1319640854200" name="ConnectionProximity" type="java.lang.String" value="Bus" required="false"/>
      <resourceProperties xmi:id="J2EEResourceProperty_1319640854201" name="DurableSubscriptionHome" type="java.lang.String" required="false"/>
      <resourceProperties xmi:id="J2EEResourceProperty_1319640854202" name="NonPersistentMapping" type="java.lang.String" value="ExpressNonPersistent" required="false"/>
      <resourceProperties xmi:id="J2EEResourceProperty_1319640854203" name="Password" type="java.lang.String" required="false"/>
      <resourceProperties xmi:id="J2EEResourceProperty_1319640854204" name="PersistentMapping" type="java.lang.String" value="ReliablePersistent" required="false"/>
      <resourceProperties xmi:id="J2EEResourceProperty_1319640854205" name="ProviderEndpoints" type="java.lang.String" required="false"/>
      <resourceProperties xmi:id="J2EEResourceProperty_1319640854206" name="ReadAhead" type="java.lang.String" value="Default" required="false"/>
      <resourceProperties xmi:id="J2EEResourceProperty_1319640854207" name="RemoteProtocol" type="java.lang.String" required="false"/>
      <resourceProperties xmi:id="J2EEResourceProperty_1319640854208" name="TargetTransportChain" type="java.lang.String" required="false"/>
      <resourceProperties xmi:id="J2EEResourceProperty_1319640854209" name="ShareDataSourceWithCMP" type="java.lang.Boolean" value="false" required="false"/>
      <resourceProperties xmi:id="J2EEResourceProperty_1319640854210" name="ShareDurableSubscriptions" type="java.lang.String" value="InCluster" required="false"/>
      <resourceProperties xmi:id="J2EEResourceProperty_1319640854211" name="Target" type="java.lang.String" required="false"/>
      <resourceProperties xmi:id="J2EEResourceProperty_1319640854212" name="TargetSignificance" type="java.lang.String" value="Preferred" required="false"/>
      <resourceProperties xmi:id="J2EEResourceProperty_1319640854213" name="TargetType" type="java.lang.String" value="BusMember" required="false"/>
      <resourceProperties xmi:id="J2EEResourceProperty_1319640854214" name="TemporaryQueueNamePrefix" type="java.lang.String" required="false"/>
      <resourceProperties xmi:id="J2EEResourceProperty_1319640854215" name="TemporaryTopicNamePrefix" type="java.lang.String" required="false"/>
      <resourceProperties xmi:id="J2EEResourceProperty_1319640854216" name="UserName" type="java.lang.String" required="false"/>
      <resourceProperties xmi:id="J2EEResourceProperty_1319640854217" name="ProducerDoesNotModifyPayloadAfterSet" type="java.lang.String" required="false"/>
      <resourceProperties xmi:id="J2EEResourceProperty_1319640854218" name="ConsumerDoesNotModifyPayloadAfterGet" type="java.lang.String" required="false"/>
    </connectionDefTemplateProps>
    <activationSpecTemplateProps xmi:id="ActivationSpecTemplateProps_1319640854157" activationSpec="ActivationSpec_1319640854155">
      <resourceProperties xmi:id="J2EEResourceProperty_1319640854219" name="acknowledgeMode" type="java.lang.String" value="Auto-acknowledge" required="false"/>
      <resourceProperties xmi:id="J2EEResourceProperty_1319640854220" name="alwaysActivateAllMDBs" type="java.lang.Boolean" value="false" required="false"/>
      <resourceProperties xmi:id="J2EEResourceProperty_1319640854221" name="AutoStopSequentialMessageFailure" type="java.lang.Integer" value="0" required="false"/>
      <resourceProperties xmi:id="J2EEResourceProperty_1319640854222" name="busName" type="java.lang.String" required="false"/>
      <resourceProperties xmi:id="J2EEResourceProperty_1319640854223" name="clientId" type="java.lang.String" required="false"/>
      <resourceProperties xmi:id="J2EEResourceProperty_1319640854224" name="destination" type="javax.jms.Destination" required="false"/>
      <resourceProperties xmi:id="J2EEResourceProperty_1319640854225" name="destinationType" type="java.lang.String" required="true"/>
      <resourceProperties xmi:id="J2EEResourceProperty_1319640854226" name="durableSubscriptionHome" type="java.lang.String" required="false"/>
      <resourceProperties xmi:id="J2EEResourceProperty_1319640854227" name="failingMessageDelay" type="java.lang.Long" value="0" required="false"/>
      <resourceProperties xmi:id="J2EEResourceProperty_1319640854228" name="maxBatchSize" type="java.lang.Integer" value="1" required="false"/>
      <resourceProperties xmi:id="J2EEResourceProperty_1319640854229" name="maxConcurrency" type="java.lang.Integer" value="10" required="false"/>
      <resourceProperties xmi:id="J2EEResourceProperty_1319640854230" name="maxSequentialMessageFailure" type="java.lang.Integer" value="-1" required="false"/>
      <resourceProperties xmi:id="J2EEResourceProperty_1319640854231" name="messageSelector" type="java.lang.String" required="false"/>
      <resourceProperties xmi:id="J2EEResourceProperty_1319640854232" name="password" type="java.lang.String" required="false"/>
      <resourceProperties xmi:id="J2EEResourceProperty_1319640854233" name="providerEndpoints" type="java.lang.String" required="false"/>
      <resourceProperties xmi:id="J2EEResourceProperty_1319640854234" name="readAhead" type="java.lang.String" value="Default" required="false"/>
      <resourceProperties xmi:id="J2EEResourceProperty_1319640854235" name="retryInterval" type="java.lang.Integer" value="30" required="false"/>
      <resourceProperties xmi:id="J2EEResourceProperty_1319640854236" name="shareDataSourceWithCMP" type="java.lang.Boolean" value="false" required="false"/>
      <resourceProperties xmi:id="J2EEResourceProperty_1319640854237" name="shareDurableSubscriptions" type="java.lang.String" value="InCluster" required="false"/>
      <resourceProperties xmi:id="J2EEResourceProperty_1319640854238" name="subscriptionDurability" type="java.lang.String" value="NonDurable" required="false"/>
      <resourceProperties xmi:id="J2EEResourceProperty_1319640854239" name="subscriptionName" type="java.lang.String" required="false"/>
      <resourceProperties xmi:id="J2EEResourceProperty_1319640854240" name="target" type="java.lang.String" required="false"/>
      <resourceProperties xmi:id="J2EEResourceProperty_1319640854241" name="targetSignificance" type="java.lang.String" required="false"/>
      <resourceProperties xmi:id="J2EEResourceProperty_1319640854242" name="targetTransportChain" type="java.lang.String" required="false"/>
      <resourceProperties xmi:id="J2EEResourceProperty_1319640854243" name="targetType" type="java.lang.String" required="false"/>
      <resourceProperties xmi:id="J2EEResourceProperty_1319640854244" name="userName" type="java.lang.String" required="false"/>
      <resourceProperties xmi:id="J2EEResourceProperty_1319640854245" name="ConsumerDoesNotModifyPayloadAfterGet" type="java.lang.String" required="false"/>
      <resourceProperties xmi:id="J2EEResourceProperty_1319640854246" name="ForwarderDoesNotModifyPayloadAfterSet" type="java.lang.String" required="false"/>
      <resourceProperties xmi:id="J2EEResourceProperty_1319640854247" name="useServerSubject" type="java.lang.Boolean" required="false"/>
      <complexPropertySet xmi:id="J2EEResourcePropertySet_1319640854159">
        <resourceProperties xmi:id="J2EEResourceProperty_1319640854248" name="destination" type="javax.jms.Destination" required="false"/>
      </complexPropertySet>
    </activationSpecTemplateProps>
    <adminObjectTemplateProps xmi:id="AdminObjectTemplateProps_1319640854159" adminObject="AdminObject_1319640854155">
      <properties xmi:id="J2EEResourceProperty_1319640854249" name="BusName" type="java.lang.String" required="false"/>
      <properties xmi:id="J2EEResourceProperty_1319640854250" name="DeliveryMode" type="java.lang.String" value="Application" required="false"/>
      <properties xmi:id="J2EEResourceProperty_1319640854251" name="forwardRoutingPath" type="[Ljava.lang.String;" required="false"/>
      <properties xmi:id="J2EEResourceProperty_1319640854252" name="Priority" type="java.lang.Integer" required="false"/>
      <properties xmi:id="J2EEResourceProperty_1319640854253" name="QueueName" type="java.lang.String" required="false"/>
      <properties xmi:id="J2EEResourceProperty_1319640854254" name="ReadAhead" type="java.lang.String" value="AsConnection" required="false"/>
      <properties xmi:id="J2EEResourceProperty_1319640854255" name="reverseRoutingPath" type="[Ljava.lang.String;" required="false"/>
      <properties xmi:id="J2EEResourceProperty_1319640854256" name="TimeToLive" type="java.lang.Long" required="false"/>
    </adminObjectTemplateProps>
    <adminObjectTemplateProps xmi:id="AdminObjectTemplateProps_1319640854160" adminObject="AdminObject_1319640854156">
      <properties xmi:id="J2EEResourceProperty_1319640854257" name="BusName" type="java.lang.String" required="false"/>
      <properties xmi:id="J2EEResourceProperty_1319640854258" name="DeliveryMode" type="java.lang.String" value="Application" required="false"/>
      <properties xmi:id="J2EEResourceProperty_1319640854259" name="forwardRoutingPath" type="[Ljava.lang.String;" required="false"/>
      <properties xmi:id="J2EEResourceProperty_1319640854260" name="Priority" type="java.lang.Integer" required="false"/>
      <properties xmi:id="J2EEResourceProperty_1319640854261" name="ReadAhead" type="java.lang.String" value="AsConnection" required="false"/>
      <properties xmi:id="J2EEResourceProperty_1319640854262" name="reverseRoutingPath" type="[Ljava.lang.String;" required="false"/>
      <properties xmi:id="J2EEResourceProperty_1319640854263" name="TimeToLive" type="java.lang.Long" required="false"/>
      <properties xmi:id="J2EEResourceProperty_1319640854264" name="TopicName" type="java.lang.String" required="false"/>
      <properties xmi:id="J2EEResourceProperty_1319640854265" name="TopicSpace" type="java.lang.String" value="Default.Topic.Space" required="false"/>
    </adminObjectTemplateProps>
  </resources.j2c:J2CResourceAdapter>
  <resources.j2c:J2CResourceAdapter xmi:id="J2CResourceAdapter_1319640854228" name="WebSphere MQ Resource Adapter" description="WAS Built In WebSphere MQ Resource Adapter" isolatedClassLoader="false" archivePath="${WAS_INSTALL_ROOT}/installedConnectors/wmq.jmsra.rar" threadPoolAlias="WMQJCAResourceAdapter" singleton="false" hACapability="RA_NO_HA" isEnableHASupport="false">
    <classpath>${WAS_INSTALL_ROOT}/installedConnectors/wmq.jmsra.rar</classpath>
    <propertySet xmi:id="J2EEResourcePropertySet_1319640854229">
      <resourceProperties xmi:id="J2EEResourceProperty_1319640854266" name="connectionConcurrency" type="int" value="5" description="connectionConcurrency" required="false"/>
      <resourceProperties xmi:id="J2EEResourceProperty_1319640854267" name="maxConnections" type="int" value="10" description="maxConnections" required="false"/>
      <resourceProperties xmi:id="J2EEResourceProperty_1319640854268" name="logWriterEnabled" type="boolean" value="true" description="logWriterEnabled" required="false"/>
      <resourceProperties xmi:id="J2EEResourceProperty_1319640854269" name="reconnectionRetryCount" type="int" value="5" description="reconnectionRetryCount" required="false"/>
      <resourceProperties xmi:id="J2EEResourceProperty_1319640854270" name="reconnectionRetryInterval" type="int" value="300000" description="reconnectionRetryInterval" required="false"/>
      <resourceProperties xmi:id="J2EEResourceProperty_1319640854271" name="traceEnabled" type="boolean" value="false" description="traceEnabled" required="false"/>
      <resourceProperties xmi:id="J2EEResourceProperty_1319640854272" name="traceLevel" type="int" value="3" description="traceLevel" required="false"/>
    </propertySet>
    <deploymentDescriptor xmi:id="Connector_1319640854229" displayName="WebSphere MQ Resource Adapter" vendorName="International Business Machines Corporation (&quot;IBM&quot;)." specVersion="1.5" eisType="Java Message Service" version="7.0.1.4-k701-104-110104">
      <displayNames xmi:id="DisplayName_1466594947207" value="WebSphere MQ Resource Adapter"/>
      <license xmi:id="License_1319640854229" required="true">
        <descriptions xmi:id="Description_1319640854229" value="&#xA;&#x9;&#x9;&#x9;This software is licenced under the IBM International&#xA;&#x9;&#x9;&#x9;Program License Agreement (&quot;IPLA&quot;). For licence information,&#xA;&#x9;&#x9;&#x9;see the WebSphere MQ Licence Information (&quot;LI&quot;) available at&#xA;&#x9;&#x9;&#x9;http://www.ibm.com/software/sla/. The LI may also be found&#xA;&#x9;&#x9;&#x9;in a file in the WebSphere MQ installation directory.&#xA;&#x9;&#x9;"/>
      </license>
      <resourceAdapter xmi:id="ResourceAdapter_1319640854229" transactionSupport="XATransaction" reauthenticationSupport="false" resourceAdapterClass="com.ibm.mq.connector.ResourceAdapterImpl">
        <securityPermissions xmi:id="SecurityPermission_1319640854229" description="Security Permissions for the JMS client" specification="&#xA;&#x9;&#x9;&#x9;&#x9;grant { &#xA;&#x9;&#x9;&#x9;&#x9;&#x9;permission java.security.AllPermission; &#xA;&#x9;&#x9;&#x9;&#x9;};&#xA;&#x9;&#x9;&#x9;"/>
        <configProperties xmi:id="ConfigProperty_1319640854229" description="connectionConcurrency" name="connectionConcurrency" type="java.lang.String"/>
        <configProperties xmi:id="ConfigProperty_1319640854230" description="maxConnections" name="maxConnections" type="java.lang.String"/>
        <configProperties xmi:id="ConfigProperty_1319640854231" description="logWriterEnabled" name="logWriterEnabled" type="java.lang.String"/>
        <configProperties xmi:id="ConfigProperty_1319640854232" description="reconnectionRetryCount" name="reconnectionRetryCount" type="java.lang.String"/>
        <configProperties xmi:id="ConfigProperty_1319640854233" description="reconnectionRetryInterval" name="reconnectionRetryInterval" type="java.lang.String"/>
        <configProperties xmi:id="ConfigProperty_1319640854234" description="traceEnabled" name="traceEnabled" type="java.lang.String"/>
        <configProperties xmi:id="ConfigProperty_1319640854235" description="traceLevel" name="traceLevel" type="java.lang.String"/>
        <inboundResourceAdapter xmi:id="InboundResourceAdapter_1319640854229">
          <messageAdapter xmi:id="MessageAdapter_1319640854229">
            <messageListeners xmi:id="MessageListener_1319640854229" messageListenerType="javax.jms.MessageListener">
              <activationSpec xmi:id="ActivationSpec_1319640854229" activationSpecClass="com.ibm.mq.connector.inbound.ActivationSpecImpl">
                <requiredConfigProperties xmi:id="RequiredConfigPropertyType_1319640854229" name="destination"/>
                <requiredConfigProperties xmi:id="RequiredConfigPropertyType_1319640854230" name="destinationType"/>
              </activationSpec>
            </messageListeners>
          </messageAdapter>
        </inboundResourceAdapter>
      </resourceAdapter>
    </deploymentDescriptor>
    <activationSpecTemplateProps xmi:id="ActivationSpecTemplateProps_1319640854229" activationSpec="ActivationSpec_1319640854229">
      <resourceProperties xmi:id="J2EEResourceProperty_1319640854273" name="CCSID" type="int" value="819" description="CCSID" required="false"/>
      <resourceProperties xmi:id="J2EEResourceProperty_1319640854274" name="acknowledgeMode" type="int" value="1" description="acknowledgeMode" required="false"/>
      <resourceProperties xmi:id="J2EEResourceProperty_1319640854275" name="arbitraryProperties" type="java.lang.String" description="arbitraryProperties" required="false"/>
      <resourceProperties xmi:id="J2EEResourceProperty_1319640854276" name="brokerCCDurSubQueue" type="java.lang.String" value="SYSTEM.JMS.D.CC.SUBSCRIBER.QUEUE" description="brokerCCDurSubQueue" required="false"/>
      <resourceProperties xmi:id="J2EEResourceProperty_1319640854277" name="brokerCCSubQueue" type="java.lang.String" value="SYSTEM.JMS.ND.CC.SUBSCRIBER.QUEUE" description="brokerCCSubQueue" required="false"/>
      <resourceProperties xmi:id="J2EEResourceProperty_1319640854278" name="brokerControlQueue" type="java.lang.String" value="SYSTEM.BROKER.CONTROL.QUEUE" description="brokerControlQueue" required="false"/>
      <resourceProperties xmi:id="J2EEResourceProperty_1319640854279" name="brokerPubQueue" type="java.lang.String" value="SYSTEM.BROKER.DEFAULT.STREAM" description="brokerPubQueue" required="false"/>
      <resourceProperties xmi:id="J2EEResourceProperty_1319640854280" name="brokerQueueManager" type="java.lang.String" description="brokerQueueManager" required="false"/>
      <resourceProperties xmi:id="J2EEResourceProperty_1319640854281" name="brokerSubQueue" type="java.lang.String" value="SYSTEM.JMS.ND.SUBSCRIBER.QUEUE" description="brokerSubQueue" required="false"/>
      <resourceProperties xmi:id="J2EEResourceProperty_1319640854282" name="brokerVersion" type="java.lang.String" value="1" description="brokerVersion" required="false"/>
      <resourceProperties xmi:id="J2EEResourceProperty_1319640854283" name="ccdtURL" type="java.lang.String" description="ccdtURL" required="false"/>
      <resourceProperties xmi:id="J2EEResourceProperty_1319640854284" name="channel" type="java.lang.String" value="SYSTEM.DEF.SVRCONN" description="channel" required="false"/>
      <resourceProperties xmi:id="J2EEResourceProperty_1319640854285" name="cleanupInterval" type="long" value="3600000" description="cleanupInterval" required="false"/>
      <resourceProperties xmi:id="J2EEResourceProperty_1319640854286" name="cleanupLevel" type="java.lang.String" value="SAFE" description="cleanupLevel" required="false"/>
      <resourceProperties xmi:id="J2EEResourceProperty_1319640854287" name="clientID" type="java.lang.String" description="clientID" required="false"/>
      <resourceProperties xmi:id="J2EEResourceProperty_1319640854288" name="clientId" type="java.lang.String" description="clientId" required="false"/>
      <resourceProperties xmi:id="J2EEResourceProperty_1319640854289" name="cloneSupport" type="java.lang.String" value="DISABLED" description="cloneSupport" required="false"/>
      <resourceProperties xmi:id="J2EEResourceProperty_1319640854290" name="connectionNameList" type="java.lang.String" value="localhost(1414)" description="connectionNameList" required="false"/>
      <resourceProperties xmi:id="J2EEResourceProperty_1319640854291" name="destination" type="java.lang.String" value="SYSTEM.DEFAULT.LOCAL.QUEUE" description="destination" required="true"/>
      <resourceProperties xmi:id="J2EEResourceProperty_1319640854292" name="destinationType" type="java.lang.String" value="javax.jms.Queue" description="destinationType" required="true"/>
      <resourceProperties xmi:id="J2EEResourceProperty_1319640854293" name="failIfQuiesce" type="boolean" value="true" description="failIfQuiesce" required="false"/>
      <resourceProperties xmi:id="J2EEResourceProperty_1319640854294" name="headerCompression" type="java.lang.String" value="NONE" description="headerCompression" required="false"/>
      <resourceProperties xmi:id="J2EEResourceProperty_1319640854295" name="hostName" type="java.lang.String" value="localhost" description="hostName" required="false"/>
      <resourceProperties xmi:id="J2EEResourceProperty_1319640854296" name="localAddress" type="java.lang.String" description="localAddress" required="false"/>
      <resourceProperties xmi:id="J2EEResourceProperty_1319640854297" name="maxMessages" type="int" value="1" description="maxMessages" required="false"/>
      <resourceProperties xmi:id="J2EEResourceProperty_1319640854298" name="maxPoolDepth" type="int" value="10" description="maxPoolDepth" required="false"/>
      <resourceProperties xmi:id="J2EEResourceProperty_1319640854299" name="messageBatchSize" type="int" value="10" description="messageBatchSize" required="false"/>
      <resourceProperties xmi:id="J2EEResourceProperty_1319640854300" name="messageCompression" type="java.lang.String" value="NONE" description="messageCompression" required="false"/>
      <resourceProperties xmi:id="J2EEResourceProperty_1319640854301" name="messageRetention" type="java.lang.String" value="YES" description="messageRetention" required="false"/>
      <resourceProperties xmi:id="J2EEResourceProperty_1319640854302" name="messageSelection" type="java.lang.String" value="CLIENT" description="messageSelection" required="false"/>
      <resourceProperties xmi:id="J2EEResourceProperty_1319640854303" name="messageSelector" type="java.lang.String" description="messageSelector" required="false"/>
      <resourceProperties xmi:id="J2EEResourceProperty_1319640854304" name="password" type="java.lang.String" description="password" required="false"/>
      <resourceProperties xmi:id="J2EEResourceProperty_1319640854305" name="pollingInterval" type="int" value="5000" description="pollingInterval" required="false"/>
      <resourceProperties xmi:id="J2EEResourceProperty_1319640854306" name="poolTimeout" type="int" value="300000" description="poolTimeout" required="false"/>
      <resourceProperties xmi:id="J2EEResourceProperty_1319640854307" name="port" type="int" value="1414" description="port" required="false"/>
      <resourceProperties xmi:id="J2EEResourceProperty_1319640854308" name="providerVersion" type="java.lang.String" value="UNSPECIFIED" description="providerVersion" required="false"/>
      <resourceProperties xmi:id="J2EEResourceProperty_1319640854309" name="queueManager" type="java.lang.String" description="queueManager" required="false"/>
      <resourceProperties xmi:id="J2EEResourceProperty_1319640854310" name="readAheadAllowed" type="java.lang.String" value="DESTINATION" description="readAheadAllowed" required="false"/>
      <resourceProperties xmi:id="J2EEResourceProperty_1319640854311" name="receiveExit" type="java.lang.String" description="receiveExit" required="false"/>
      <resourceProperties xmi:id="J2EEResourceProperty_1319640854312" name="receiveExitInit" type="java.lang.String" description="receiveExitInit" required="false"/>
      <resourceProperties xmi:id="J2EEResourceProperty_1319640854313" name="rescanInterval" type="int" value="5000" description="rescanInterval" required="false"/>
      <resourceProperties xmi:id="J2EEResourceProperty_1319640854314" name="securityExit" type="java.lang.String" description="securityExit" required="false"/>
      <resourceProperties xmi:id="J2EEResourceProperty_1319640854315" name="securityExitInit" type="java.lang.String" description="securityExitInit" required="false"/>
      <resourceProperties xmi:id="J2EEResourceProperty_1319640854316" name="sendExit" type="java.lang.String" description="sendExit" required="false"/>
      <resourceProperties xmi:id="J2EEResourceProperty_1319640854317" name="sendExitInit" type="java.lang.String" description="sendExitInit" required="false"/>
      <resourceProperties xmi:id="J2EEResourceProperty_1319640854318" name="shareConvAllowed" type="java.lang.String" value="YES" description="shareConvAllowed" required="false"/>
      <resourceProperties xmi:id="J2EEResourceProperty_1319640854319" name="sparseSubscriptions" type="java.lang.String" value="FALSE" description="sparseSubscriptions" required="false"/>
      <resourceProperties xmi:id="J2EEResourceProperty_1319640854320" name="sslCertStores" type="java.lang.String" description="sslCertStores" required="false"/>
      <resourceProperties xmi:id="J2EEResourceProperty_1319640854321" name="sslCipherSuite" type="java.lang.String" description="sslCipherSuite" required="false"/>
      <resourceProperties xmi:id="J2EEResourceProperty_1319640854322" name="sslFipsRequired" type="boolean" value="false" description="sslFipsRequired" required="false"/>
      <resourceProperties xmi:id="J2EEResourceProperty_1319640854323" name="sslPeerName" type="java.lang.String" description="sslPeerName" required="false"/>
      <resourceProperties xmi:id="J2EEResourceProperty_1319640854324" name="sslResetCount" type="int" value="0" description="sslResetCount" required="false"/>
      <resourceProperties xmi:id="J2EEResourceProperty_1319640854325" name="sslSocketFactory" type="java.lang.String" description="sslSocketFactory" required="false"/>
      <resourceProperties xmi:id="J2EEResourceProperty_1319640854326" name="startTimeout" type="int" value="10000" description="startTimeout" required="false"/>
      <resourceProperties xmi:id="J2EEResourceProperty_1319640854327" name="statusRefreshInterval" type="int" value="60000" description="statusRefreshInterval" required="false"/>
      <resourceProperties xmi:id="J2EEResourceProperty_1319640854328" name="subscriptionDurability" type="java.lang.String" value="NonDurable" description="subscriptionDurability" required="false"/>
      <resourceProperties xmi:id="J2EEResourceProperty_1319640854329" name="subscriptionName" type="java.lang.String" description="subscriptionName" required="false"/>
      <resourceProperties xmi:id="J2EEResourceProperty_1319640854330" name="subscriptionStore" type="java.lang.String" value="MIGRATE" description="subscriptionStore" required="false"/>
      <resourceProperties xmi:id="J2EEResourceProperty_1319640854331" name="transportType" type="java.lang.String" value="CLIENT" description="transportType" required="false"/>
      <resourceProperties xmi:id="J2EEResourceProperty_1319640854332" name="useJNDI" type="boolean" value="false" description="useJNDI" required="false"/>
      <resourceProperties xmi:id="J2EEResourceProperty_1319640854333" name="username" type="java.lang.String" description="username" required="false"/>
      <resourceProperties xmi:id="J2EEResourceProperty_1319640854334" name="wildcardFormat" type="java.lang.String" value="TOPIC" description="wildcardFormat" required="false"/>
    </activationSpecTemplateProps>
  </resources.j2c:J2CResourceAdapter>
  <resources.jdbc:JDBCProvider xmi:id="JDBCProvider_1432126548721" name="Oracle JDBC Driver" description="Oracle JDBC Driver 11g" providerType="Oracle JDBC Driver" isolatedClassLoader="false" implementationClassName="oracle.jdbc.pool.OracleConnectionPoolDataSource" xa="false">
    <classpath>${ORACLE_JDBC_DRIVER_PATH}/ojdbc6.jar</classpath>
    <classpath>${ORACLE_JDBC_DRIVER_PATH}/orai18n.jar</classpath>
    <factories xmi:type="resources.jdbc:DataSource" xmi:id="DataSource_1433232664670" name="webelds" jndiName="jdbc/webelds" description="New JDBC Datasource" providerType="Oracle JDBC Driver" authMechanismPreference="BASIC_PASSWORD" authDataAlias="" manageCachedHandles="false" logMissingTransactionContext="true" diagnoseConnectionUsage="false" relationalResourceAdapter="builtin_rra" statementCacheSize="10" datasourceHelperClassname="com.ibm.websphere.rsadapter.Oracle11gDataStoreHelper">
      <propertySet xmi:id="J2EEResourcePropertySet_1433232664672">
        <resourceProperties xmi:id="J2EEResourceProperty_1433232664672" name="driverType" type="java.lang.String" value="" description="The type of the driver. The possible values are: thin, oci." required="false" ignore="false" confidential="false" supportsDynamicUpdates="false"/>
        <resourceProperties xmi:id="J2EEResourceProperty_1433232664673" name="oracleLogFileSizeLimit" type="java.lang.Integer" value="0" description="Oracle10g and beyond: The oracleLogFileSizeLimit specifies the maximum number of bytes to be written to any one file. Property is relevant only if trace file is specified. Default is unlimited" required="false" ignore="false" confidential="false" supportsDynamicUpdates="false"/>
        <resourceProperties xmi:id="J2EEResourceProperty_1433232664674" name="oracleLogFileCount" type="java.lang.Integer" value="1" description="Oracle10g and beyond: The oracleLogFileCount specifies the number of files to use. Property is relevant only if trace file is specified. Default is 1." required="false" ignore="false" confidential="false" supportsDynamicUpdates="false"/>
        <resourceProperties xmi:id="J2EEResourceProperty_1433232664675" name="oracleLogFileName" type="java.lang.String" value="" description="Oracle10g and beyond: The oracleLogFileName indicates which file to write the traces to" required="false" ignore="false" confidential="false" supportsDynamicUpdates="false"/>
        <resourceProperties xmi:id="J2EEResourceProperty_1433232664676" name="oracleLogTraceLevel" type="java.lang.String" value="INFO" description="Oracle10g and beyond: The oracleLogTraceLevel specifies which message levels will be logged .Default is INFO. Property is relevant only if trace file is specified.  Possible values from highest to lowest: SEVERE, WARNING, INFO, CONFIG, FINE, FINER ,FINEST.  Note that each value includes all above it, for example INFO includes SEVERE and WARNING" required="false" ignore="false" confidential="false" supportsDynamicUpdates="false"/>
        <resourceProperties xmi:id="J2EEResourceProperty_1433232664677" name="oracleLogFormat" type="java.lang.String" value="SimpleFormat" description="Oracle10g and beyond: The trace output format. Property is relevant only if trace file is specified. Default is SimpleFormat.  Possible values (SimpleFormat/ XMLFormat)" required="false" ignore="false" confidential="false" supportsDynamicUpdates="false"/>
        <resourceProperties xmi:id="J2EEResourceProperty_1433232664678" name="oracleLogPackageName" type="java.lang.String" value="oracle.jdbc.driver" description="Oracle10g and beyond: The Oracle package to trace. Default is oracle.jdbc.driver" required="false" ignore="false" confidential="false" supportsDynamicUpdates="false"/>
        <resourceProperties xmi:id="J2EEResourceProperty_1433232664679" name="TNSEntryName" type="java.lang.String" value="" description="The entry name which is used for the Oracle OCI driver." required="false" ignore="false" confidential="false" supportsDynamicUpdates="false"/>
        <resourceProperties xmi:id="J2EEResourceProperty_1433232664680" name="networkProtocol" type="java.lang.String" value="" description="Whether to use TCP/IP or IPC or any other protocol" required="false" ignore="false" confidential="false" supportsDynamicUpdates="false"/>
        <resourceProperties xmi:id="J2EEResourceProperty_1433232664681" name="databaseName" type="java.lang.String" value="" description="The database name. For example, enter sample to make your Data Source point to sample, used with thin driver" required="false" ignore="false" confidential="false" supportsDynamicUpdates="false"/>
        <resourceProperties xmi:id="J2EEResourceProperty_1433232664682" name="serverName" type="java.lang.String" value="" description="The name of the server, used with thin driver setup" required="false" ignore="false" confidential="false" supportsDynamicUpdates="false"/>
        <resourceProperties xmi:id="J2EEResourceProperty_1433232664683" name="portNumber" type="java.lang.Integer" value="1521" description="The TCP/IP port number where the jdbc driver resides. used with thin driver setup" required="false" ignore="false" confidential="false" supportsDynamicUpdates="false"/>
        <resourceProperties xmi:id="J2EEResourceProperty_1433232664684" name="dataSourceName" type="java.lang.String" value="" description="The name of the Data Source." required="false" ignore="false" confidential="false" supportsDynamicUpdates="false"/>
        <resourceProperties xmi:id="J2EEResourceProperty_1433232664685" name="URL" type="java.lang.String" value="jdbc:oracle:thin:@dlslxwebecmpdb1.dc.avon.net:1521:webgeuc" description="This is a required property. The URL indicating the database from which the Data Source will obtain connections, such as 'jdbc:oracle:thin:@//localhost:1521/sample' for thin driver and 'jdbc:oracle:oci:@//localhost:1521/sample' for thick driver." required="true" ignore="false" confidential="false" supportsDynamicUpdates="false"/>
        <resourceProperties xmi:id="J2EEResourceProperty_1433232664686" name="loginTimeout" type="java.lang.Integer" value="" description="The maximum time to attempt to connect to the database. If this value is non-zero, the attempt to connect to the database will time out when this specified value is reached." required="false" ignore="false" confidential="false" supportsDynamicUpdates="false"/>
        <resourceProperties xmi:id="J2EEResourceProperty_1433232664687" name="description" type="java.lang.String" value="" description="The description of this datasource." required="false" ignore="false" confidential="false" supportsDynamicUpdates="false"/>
        <resourceProperties xmi:id="J2EEResourceProperty_1433232664688" name="enableMultithreadedAccessDetection" type="java.lang.Boolean" value="false" description="Indicates whether or not to detect multithreaded access to a Connection and its corresponding Statements, ResultSets, and MetaDatas." required="false" ignore="false" confidential="false" supportsDynamicUpdates="false"/>
        <resourceProperties xmi:id="J2EEResourceProperty_1433232664689" name="reauthentication" type="java.lang.Boolean" value="false" description="Specifies whether to allow reauthentication of connections.  This option requires implementation of the doConnectionSetupPerTransaction() method on the DataStoreHelper where the reauthentication is expected to take place." required="false" ignore="false" confidential="false" supportsDynamicUpdates="false"/>
        <resourceProperties xmi:id="J2EEResourceProperty_1433232664690" name="jmsOnePhaseOptimization" type="java.lang.Boolean" value="false" description="Specifies whether to allow JMS to get optimized connections from this datasource.  This option will prevent JDBC Applications from getting connections from this datasource." required="false" ignore="false" confidential="false" supportsDynamicUpdates="false"/>
        <resourceProperties xmi:id="J2EEResourceProperty_1433232664691" name="preTestSQLString" type="java.lang.String" value="SELECT 1 FROM DUAL" description="This SQL statement is used for pre-test connection function. For example, SELECT 1 FROM [TESTTABLE]. If pre-testing of connection is enabled for the connection pool, this SQL statement will be executed to the connection to make sure the connection is good. If you leave this field blank, the default SQL statement, SELECT 1 FROM DUAL, will be used at runtime. This will slow down the execution because of the exception handling if table DUAL is not defined in the database. Users are recommended to provide their own SQL statement to improve the performance." required="false" ignore="false" confidential="false" supportsDynamicUpdates="false"/>
        <resourceProperties xmi:id="J2EEResourceProperty_1433232664692" name="validateNewConnection" type="java.lang.Boolean" value="false" description="Setting this flag to true will cause to WebSphere Application Server to validate connections when they first get created and to keep trying to get a good connection from the database if the validation fails. Setting this flag to false prevents any additional validation from being performed - newly created connections are assumed to be valid and usable. " required="false" ignore="false" confidential="false" supportsDynamicUpdates="false"/>
        <resourceProperties xmi:id="J2EEResourceProperty_1433232664693" name="validateNewConnectionRetryCount" type="java.lang.Integer" value="100" description="This is useful only if validateNewConnection flag is true.  This property controls how many times WebSphere will try to get a connection from the database before giving up" required="false" ignore="false" confidential="false" supportsDynamicUpdates="false"/>
        <resourceProperties xmi:id="J2EEResourceProperty_1433232664694" name="validateNewConnectionRetryInterval" type="java.lang.Long" value="3" description="This is useful only if validateNewConnection flag is true.  This property controls the interval between retries to retrieve a connection from the database.  Unit is seconds" required="false" ignore="false" confidential="false" supportsDynamicUpdates="false"/>
        <resourceProperties xmi:id="J2EEResourceProperty_1433232664695" name="validateNewConnectionTimeout" type="java.lang.Integer" value="" description="Specifies the timeout in seconds for testing connections (either new or pooled by the application server) to the database.  If the timeout expires before validating then the connection is considered unusable.  If retries are configured, the full value of the timeout applies to each retry.  A value of 0 indicates the JDBC driver does not impose a timeout on validation attempts. This data source attribute applies to JDBC 4.0 drivers and above. Unit is seconds" required="false" ignore="false" confidential="false" supportsDynamicUpdates="false"/>
        <resourceProperties xmi:id="J2EEResourceProperty_1433232664696" name="dbFailOverEnabled" type="java.lang.Boolean" value="" description="Deprecated. Please use the validateNewConnection property instead. This flag should be set to true only if the backend database is configured with failover capability.  This flag will indicate to WebSphere to validate connections when they first get created and to keep trying to get a good connection from the database when the validation fails." required="false" ignore="false" confidential="false" supportsDynamicUpdates="false"/>
        <resourceProperties xmi:id="J2EEResourceProperty_1433232664697" name="connRetriesDuringDBFailover" type="java.lang.Integer" value="" description="Deprecated. Please use the validateNewConnectionRetryCount property instead. This is useful only if dbFailOverEnabled flag is true.  This property controls how many times WebSphere will try to get a connection from the database before giving up" required="false" ignore="false" confidential="false" supportsDynamicUpdates="false"/>
        <resourceProperties xmi:id="J2EEResourceProperty_1433232664698" name="connRetryIntervalDuringDBFailover" type="java.lang.Long" value="" description="Deprecated. Please use the validateNewConnectionRetryInterval instead. This is useful only if dbFailOverEnabled flag is true.  This property controls the interval between retries to retrieve a connection from the database." required="false" ignore="false" confidential="false" supportsDynamicUpdates="false"/>
        <resourceProperties xmi:id="J2EEResourceProperty_1433232664699" name="errorDetectionModel" type="java.lang.String" value="ExceptionMapping" description="The error detection model determines how fatal connection and statement errors are detected, including which types of exceptions are raised to the application. Under the ExceptionChecking model, the application server uses the error mapping facility defined in the Data Store Helper only to identify errors. The application server does not replace exceptions thrown by the JDBC driver with exceptions defined in the error map of the Data Store Helper.  Under the ExceptionMapping model, the application server uses the error mapping facility defined in the Data Store Helper to detect fatal connection and statement errors. The application server overrides exceptions thrown by the JDBC driver with exceptions defined in the error map of the Data Store Helper. The ExceptionMapping setting is not compliant with JDBC 4.0 and above, but is necessary for applications written according to the WebSphere Application Server exception mapping model." required="false" ignore="false" confidential="false" supportsDynamicUpdates="false"/>
        <resourceProperties xmi:id="J2EEResourceProperty_1433232664700" name="nonTransactionalDataSource" type="java.lang.Boolean" value="false" description="Setting this flag to true will cause the Application Server to never enlist the connections from this datasource in global or local transactions.  Applications must explicitly call setAutoCommit(false) on the connection if they want to start a local transaction on the connection and they must commit or rollback the transaction that they started." required="false" ignore="false" confidential="false" supportsDynamicUpdates="false"/>
        <resourceProperties xmi:id="J2EEResourceProperty_1433232664701" name="freeResourcesOnClose" type="java.lang.Boolean" value="false" description="Controls whether or not the application server automatically frees Arrays, Blobs, Clobs, NClobs, SQLXMLs, InputStream, and Readers when the object that created them is closed. The ability to free resources is contingent on the JDBC driver supporting the free (or close) method." required="false" ignore="false" confidential="false" supportsDynamicUpdates="false"/>
        <resourceProperties xmi:id="J2EEResourceProperty_1433232664702" name="userDefinedErrorMap" type="java.lang.String" value="" description="Overlays existing entries in the error map by invoking DataStoreHelper.setUserDefinedMap. The userDefinedErrorMap can be used to add, change, or remove entries from the error map. Entries are delimited by ; (semicolon). Each entry consists of a key and value, where the key is an error code (numeric value) or SQLState (text enclosed in double quotes). Keys and values are are separated by = (equals sign). For example, to remove the mapping of SQLState S1000, add a mapping of error code 1062 to DuplicateKeyException, and add a mapping of SQLState 08004 to StaleConnectionException, the following can be specified for userDefinedErrorMap: &quot;S1000&quot;=;1062=com.ibm.websphere.ce.cm.DuplicateKeyException;&quot;08004&quot;=com.ibm.websphere.ce.cm.StaleConnectionException" required="false" ignore="false" confidential="false" supportsDynamicUpdates="false"/>
        <resourceProperties xmi:id="J2EEResourceProperty_1433232664703" name="beginTranForResultSetScrollingAPIs" type="java.lang.Boolean" value="false" description="If beginTranForResultSetScrollingAPIs is enabled, the application server attempts to begin a transaction or enlist in a transaction when the connection is not currently enlisted in a transaction and a result set scrolling operation is performed." required="false" ignore="false" confidential="false" supportsDynamicUpdates="false"/>
        <resourceProperties xmi:id="J2EEResourceProperty_1433232664704" name="beginTranForVendorAPIs" type="java.lang.Boolean" value="false" description="If beginTranForVendorAPIs is enabled, the application server attempts to begin a transaction or enlist in a transaction when the connection is not currently enlisted in a transaction and a vendor API is invoked with the wrapper pattern or with WSCallHelper.jdbcCall or WSCallHelper.jdbcPass." required="false" ignore="false" confidential="false" supportsDynamicUpdates="false"/>
        <resourceProperties xmi:id="J2EEResourceProperty_1433232664705" name="connectionSharing" type="java.lang.Integer" value="1" description="Determines whether connections are shared based on the current state of the connection (-1) or the original connection request (0). To specify with greater granularity which connection properties are matched based on the current state, you may combine the following constants by adding them together: 1=transaction isolation level, 2=read only, 4=holdability, 8=type map, 16=catalog." required="false" ignore="false" confidential="false" supportsDynamicUpdates="false"/>
        <resourceProperties xmi:id="J2EEResourceProperty_1433232664706" name="syncQueryTimeoutWithTransactionTimeout" type="java.lang.Boolean" value="" description="Use the time remaining (if any) in a JTA transaction as the default query timeout for SQL statements." required="false" ignore="false" confidential="false" supportsDynamicUpdates="false"/>
        <resourceProperties xmi:id="J2EEResourceProperty_1433232664707" name="webSphereDefaultIsolationLevel" type="java.lang.Integer" value="" description="Specifies a default transaction isolation level for new connections. Resource References and Access Intents override this value. To configure a default transaction isolation level, use the constants defined by JDBC: 1 (READ UNCOMMITTED), 2 (READ COMMITTED), 4 (REPEATABLE READ), 8 (SERIALIZABLE)." required="false" ignore="false" confidential="false" supportsDynamicUpdates="false"/>
        <resourceProperties xmi:id="J2EEResourceProperty_1433232664708" name="webSphereDefaultQueryTimeout" type="java.lang.Integer" value="" description="Sets a default query timeout, which is the number of seconds (0 means infinite) that a SQL statement may execute before timing out. This default value is overridden during a JTA transaction if custom property syncQueryTimeoutWithTransactionTimeout is enabled." required="false" ignore="false" confidential="false" supportsDynamicUpdates="false"/>
        <resourceProperties xmi:id="J2EEResourceProperty_1433232664709" name="enableClientInformation" type="java.lang.Boolean" value="false" description="Enables the implicit passing of client information on database connections. The client information provided on each connection is the same as for the WAS.clientinfo trace group. Whereas the WAS.clientinfo trace is configured on an application server, the enableClientInformation property applies to a data source configuration." required="false" ignore="false" confidential="false" supportsDynamicUpdates="false"/>
        <resourceProperties xmi:id="J2EEResourceProperty_1433232772980" name="user" type="java.lang.String" value="webeege_ousr" description="username" required="false"/>
        <resourceProperties xmi:id="J2EEResourceProperty_1433232777441" name="password" type="java.lang.String" value="{xor}KDo9Ojo4OgAwKiwt" description="password" required="false"/>
      </propertySet>
      <connectionPool xmi:id="ConnectionPool_1433232664672" connectionTimeout="60" maxConnections="10" minConnections="0" reapTime="45" unusedTimeout="60" agedTimeout="600" purgePolicy="EntirePool" numberOfSharedPoolPartitions="0" numberOfUnsharedPoolPartitions="0" numberOfFreePoolPartitions="0" freePoolDistributionTableSize="0" surgeThreshold="-1" surgeCreationInterval="0" testConnection="false" testConnectionInterval="0" stuckTimerTime="0" stuckTime="0" stuckThreshold="0"/>
    </factories>
    <factories xmi:type="resources.jdbc:DataSource" xmi:id="DataSource_1433232674352" name="webeldsph" jndiName="jdbc/webeldsph" description="New JDBC Datasource" providerType="Oracle JDBC Driver" authMechanismPreference="BASIC_PASSWORD" authDataAlias="" manageCachedHandles="false" logMissingTransactionContext="true" diagnoseConnectionUsage="false" relationalResourceAdapter="builtin_rra" statementCacheSize="10" datasourceHelperClassname="com.ibm.websphere.rsadapter.Oracle11gDataStoreHelper">
      <propertySet xmi:id="J2EEResourcePropertySet_1433232674354">
        <resourceProperties xmi:id="J2EEResourceProperty_1433232674354" name="driverType" type="java.lang.String" value="" description="The type of the driver. The possible values are: thin, oci." required="false" ignore="false" confidential="false" supportsDynamicUpdates="false"/>
        <resourceProperties xmi:id="J2EEResourceProperty_1433232674355" name="oracleLogFileSizeLimit" type="java.lang.Integer" value="0" description="Oracle10g and beyond: The oracleLogFileSizeLimit specifies the maximum number of bytes to be written to any one file. Property is relevant only if trace file is specified. Default is unlimited" required="false" ignore="false" confidential="false" supportsDynamicUpdates="false"/>
        <resourceProperties xmi:id="J2EEResourceProperty_1433232674356" name="oracleLogFileCount" type="java.lang.Integer" value="1" description="Oracle10g and beyond: The oracleLogFileCount specifies the number of files to use. Property is relevant only if trace file is specified. Default is 1." required="false" ignore="false" confidential="false" supportsDynamicUpdates="false"/>
        <resourceProperties xmi:id="J2EEResourceProperty_1433232674357" name="oracleLogFileName" type="java.lang.String" value="" description="Oracle10g and beyond: The oracleLogFileName indicates which file to write the traces to" required="false" ignore="false" confidential="false" supportsDynamicUpdates="false"/>
        <resourceProperties xmi:id="J2EEResourceProperty_1433232674358" name="oracleLogTraceLevel" type="java.lang.String" value="INFO" description="Oracle10g and beyond: The oracleLogTraceLevel specifies which message levels will be logged .Default is INFO. Property is relevant only if trace file is specified.  Possible values from highest to lowest: SEVERE, WARNING, INFO, CONFIG, FINE, FINER ,FINEST.  Note that each value includes all above it, for example INFO includes SEVERE and WARNING" required="false" ignore="false" confidential="false" supportsDynamicUpdates="false"/>
        <resourceProperties xmi:id="J2EEResourceProperty_1433232674359" name="oracleLogFormat" type="java.lang.String" value="SimpleFormat" description="Oracle10g and beyond: The trace output format. Property is relevant only if trace file is specified. Default is SimpleFormat.  Possible values (SimpleFormat/ XMLFormat)" required="false" ignore="false" confidential="false" supportsDynamicUpdates="false"/>
        <resourceProperties xmi:id="J2EEResourceProperty_1433232674360" name="oracleLogPackageName" type="java.lang.String" value="oracle.jdbc.driver" description="Oracle10g and beyond: The Oracle package to trace. Default is oracle.jdbc.driver" required="false" ignore="false" confidential="false" supportsDynamicUpdates="false"/>
        <resourceProperties xmi:id="J2EEResourceProperty_1433232674361" name="TNSEntryName" type="java.lang.String" value="" description="The entry name which is used for the Oracle OCI driver." required="false" ignore="false" confidential="false" supportsDynamicUpdates="false"/>
        <resourceProperties xmi:id="J2EEResourceProperty_1433232674362" name="networkProtocol" type="java.lang.String" value="" description="Whether to use TCP/IP or IPC or any other protocol" required="false" ignore="false" confidential="false" supportsDynamicUpdates="false"/>
        <resourceProperties xmi:id="J2EEResourceProperty_1433232674363" name="databaseName" type="java.lang.String" value="" description="The database name. For example, enter sample to make your Data Source point to sample, used with thin driver" required="false" ignore="false" confidential="false" supportsDynamicUpdates="false"/>
        <resourceProperties xmi:id="J2EEResourceProperty_1433232674364" name="serverName" type="java.lang.String" value="" description="The name of the server, used with thin driver setup" required="false" ignore="false" confidential="false" supportsDynamicUpdates="false"/>
        <resourceProperties xmi:id="J2EEResourceProperty_1433232674365" name="portNumber" type="java.lang.Integer" value="1521" description="The TCP/IP port number where the jdbc driver resides. used with thin driver setup" required="false" ignore="false" confidential="false" supportsDynamicUpdates="false"/>
        <resourceProperties xmi:id="J2EEResourceProperty_1433232674366" name="dataSourceName" type="java.lang.String" value="" description="The name of the Data Source." required="false" ignore="false" confidential="false" supportsDynamicUpdates="false"/>
        <resourceProperties xmi:id="J2EEResourceProperty_1433232674367" name="URL" type="java.lang.String" value="jdbc:oracle:thin:@dlslxwebecmpdb1.dc.avon.net:1521:webgeuc" description="This is a required property. The URL indicating the database from which the Data Source will obtain connections, such as 'jdbc:oracle:thin:@//localhost:1521/sample' for thin driver and 'jdbc:oracle:oci:@//localhost:1521/sample' for thick driver." required="true" ignore="false" confidential="false" supportsDynamicUpdates="false"/>
        <resourceProperties xmi:id="J2EEResourceProperty_1433232674368" name="loginTimeout" type="java.lang.Integer" value="" description="The maximum time to attempt to connect to the database. If this value is non-zero, the attempt to connect to the database will time out when this specified value is reached." required="false" ignore="false" confidential="false" supportsDynamicUpdates="false"/>
        <resourceProperties xmi:id="J2EEResourceProperty_1433232674369" name="description" type="java.lang.String" value="" description="The description of this datasource." required="false" ignore="false" confidential="false" supportsDynamicUpdates="false"/>
        <resourceProperties xmi:id="J2EEResourceProperty_1433232674370" name="enableMultithreadedAccessDetection" type="java.lang.Boolean" value="false" description="Indicates whether or not to detect multithreaded access to a Connection and its corresponding Statements, ResultSets, and MetaDatas." required="false" ignore="false" confidential="false" supportsDynamicUpdates="false"/>
        <resourceProperties xmi:id="J2EEResourceProperty_1433232674371" name="reauthentication" type="java.lang.Boolean" value="false" description="Specifies whether to allow reauthentication of connections.  This option requires implementation of the doConnectionSetupPerTransaction() method on the DataStoreHelper where the reauthentication is expected to take place." required="false" ignore="false" confidential="false" supportsDynamicUpdates="false"/>
        <resourceProperties xmi:id="J2EEResourceProperty_1433232674372" name="jmsOnePhaseOptimization" type="java.lang.Boolean" value="false" description="Specifies whether to allow JMS to get optimized connections from this datasource.  This option will prevent JDBC Applications from getting connections from this datasource." required="false" ignore="false" confidential="false" supportsDynamicUpdates="false"/>
        <resourceProperties xmi:id="J2EEResourceProperty_1433232674373" name="preTestSQLString" type="java.lang.String" value="SELECT 1 FROM DUAL" description="This SQL statement is used for pre-test connection function. For example, SELECT 1 FROM [TESTTABLE]. If pre-testing of connection is enabled for the connection pool, this SQL statement will be executed to the connection to make sure the connection is good. If you leave this field blank, the default SQL statement, SELECT 1 FROM DUAL, will be used at runtime. This will slow down the execution because of the exception handling if table DUAL is not defined in the database. Users are recommended to provide their own SQL statement to improve the performance." required="false" ignore="false" confidential="false" supportsDynamicUpdates="false"/>
        <resourceProperties xmi:id="J2EEResourceProperty_1433232674374" name="validateNewConnection" type="java.lang.Boolean" value="false" description="Setting this flag to true will cause to WebSphere Application Server to validate connections when they first get created and to keep trying to get a good connection from the database if the validation fails. Setting this flag to false prevents any additional validation from being performed - newly created connections are assumed to be valid and usable. " required="false" ignore="false" confidential="false" supportsDynamicUpdates="false"/>
        <resourceProperties xmi:id="J2EEResourceProperty_1433232674375" name="validateNewConnectionRetryCount" type="java.lang.Integer" value="100" description="This is useful only if validateNewConnection flag is true.  This property controls how many times WebSphere will try to get a connection from the database before giving up" required="false" ignore="false" confidential="false" supportsDynamicUpdates="false"/>
        <resourceProperties xmi:id="J2EEResourceProperty_1433232674376" name="validateNewConnectionRetryInterval" type="java.lang.Long" value="3" description="This is useful only if validateNewConnection flag is true.  This property controls the interval between retries to retrieve a connection from the database.  Unit is seconds" required="false" ignore="false" confidential="false" supportsDynamicUpdates="false"/>
        <resourceProperties xmi:id="J2EEResourceProperty_1433232674377" name="validateNewConnectionTimeout" type="java.lang.Integer" value="" description="Specifies the timeout in seconds for testing connections (either new or pooled by the application server) to the database.  If the timeout expires before validating then the connection is considered unusable.  If retries are configured, the full value of the timeout applies to each retry.  A value of 0 indicates the JDBC driver does not impose a timeout on validation attempts. This data source attribute applies to JDBC 4.0 drivers and above. Unit is seconds" required="false" ignore="false" confidential="false" supportsDynamicUpdates="false"/>
        <resourceProperties xmi:id="J2EEResourceProperty_1433232674378" name="dbFailOverEnabled" type="java.lang.Boolean" value="" description="Deprecated. Please use the validateNewConnection property instead. This flag should be set to true only if the backend database is configured with failover capability.  This flag will indicate to WebSphere to validate connections when they first get created and to keep trying to get a good connection from the database when the validation fails." required="false" ignore="false" confidential="false" supportsDynamicUpdates="false"/>
        <resourceProperties xmi:id="J2EEResourceProperty_1433232674379" name="connRetriesDuringDBFailover" type="java.lang.Integer" value="" description="Deprecated. Please use the validateNewConnectionRetryCount property instead. This is useful only if dbFailOverEnabled flag is true.  This property controls how many times WebSphere will try to get a connection from the database before giving up" required="false" ignore="false" confidential="false" supportsDynamicUpdates="false"/>
        <resourceProperties xmi:id="J2EEResourceProperty_1433232674380" name="connRetryIntervalDuringDBFailover" type="java.lang.Long" value="" description="Deprecated. Please use the validateNewConnectionRetryInterval instead. This is useful only if dbFailOverEnabled flag is true.  This property controls the interval between retries to retrieve a connection from the database." required="false" ignore="false" confidential="false" supportsDynamicUpdates="false"/>
        <resourceProperties xmi:id="J2EEResourceProperty_1433232674381" name="errorDetectionModel" type="java.lang.String" value="ExceptionMapping" description="The error detection model determines how fatal connection and statement errors are detected, including which types of exceptions are raised to the application. Under the ExceptionChecking model, the application server uses the error mapping facility defined in the Data Store Helper only to identify errors. The application server does not replace exceptions thrown by the JDBC driver with exceptions defined in the error map of the Data Store Helper.  Under the ExceptionMapping model, the application server uses the error mapping facility defined in the Data Store Helper to detect fatal connection and statement errors. The application server overrides exceptions thrown by the JDBC driver with exceptions defined in the error map of the Data Store Helper. The ExceptionMapping setting is not compliant with JDBC 4.0 and above, but is necessary for applications written according to the WebSphere Application Server exception mapping model." required="false" ignore="false" confidential="false" supportsDynamicUpdates="false"/>
        <resourceProperties xmi:id="J2EEResourceProperty_1433232674382" name="nonTransactionalDataSource" type="java.lang.Boolean" value="false" description="Setting this flag to true will cause the Application Server to never enlist the connections from this datasource in global or local transactions.  Applications must explicitly call setAutoCommit(false) on the connection if they want to start a local transaction on the connection and they must commit or rollback the transaction that they started." required="false" ignore="false" confidential="false" supportsDynamicUpdates="false"/>
        <resourceProperties xmi:id="J2EEResourceProperty_1433232674383" name="freeResourcesOnClose" type="java.lang.Boolean" value="false" description="Controls whether or not the application server automatically frees Arrays, Blobs, Clobs, NClobs, SQLXMLs, InputStream, and Readers when the object that created them is closed. The ability to free resources is contingent on the JDBC driver supporting the free (or close) method." required="false" ignore="false" confidential="false" supportsDynamicUpdates="false"/>
        <resourceProperties xmi:id="J2EEResourceProperty_1433232674384" name="userDefinedErrorMap" type="java.lang.String" value="" description="Overlays existing entries in the error map by invoking DataStoreHelper.setUserDefinedMap. The userDefinedErrorMap can be used to add, change, or remove entries from the error map. Entries are delimited by ; (semicolon). Each entry consists of a key and value, where the key is an error code (numeric value) or SQLState (text enclosed in double quotes). Keys and values are are separated by = (equals sign). For example, to remove the mapping of SQLState S1000, add a mapping of error code 1062 to DuplicateKeyException, and add a mapping of SQLState 08004 to StaleConnectionException, the following can be specified for userDefinedErrorMap: &quot;S1000&quot;=;1062=com.ibm.websphere.ce.cm.DuplicateKeyException;&quot;08004&quot;=com.ibm.websphere.ce.cm.StaleConnectionException" required="false" ignore="false" confidential="false" supportsDynamicUpdates="false"/>
        <resourceProperties xmi:id="J2EEResourceProperty_1433232674385" name="beginTranForResultSetScrollingAPIs" type="java.lang.Boolean" value="false" description="If beginTranForResultSetScrollingAPIs is enabled, the application server attempts to begin a transaction or enlist in a transaction when the connection is not currently enlisted in a transaction and a result set scrolling operation is performed." required="false" ignore="false" confidential="false" supportsDynamicUpdates="false"/>
        <resourceProperties xmi:id="J2EEResourceProperty_1433232674386" name="beginTranForVendorAPIs" type="java.lang.Boolean" value="false" description="If beginTranForVendorAPIs is enabled, the application server attempts to begin a transaction or enlist in a transaction when the connection is not currently enlisted in a transaction and a vendor API is invoked with the wrapper pattern or with WSCallHelper.jdbcCall or WSCallHelper.jdbcPass." required="false" ignore="false" confidential="false" supportsDynamicUpdates="false"/>
        <resourceProperties xmi:id="J2EEResourceProperty_1433232674387" name="connectionSharing" type="java.lang.Integer" value="1" description="Determines whether connections are shared based on the current state of the connection (-1) or the original connection request (0). To specify with greater granularity which connection properties are matched based on the current state, you may combine the following constants by adding them together: 1=transaction isolation level, 2=read only, 4=holdability, 8=type map, 16=catalog." required="false" ignore="false" confidential="false" supportsDynamicUpdates="false"/>
        <resourceProperties xmi:id="J2EEResourceProperty_1433232674388" name="syncQueryTimeoutWithTransactionTimeout" type="java.lang.Boolean" value="" description="Use the time remaining (if any) in a JTA transaction as the default query timeout for SQL statements." required="false" ignore="false" confidential="false" supportsDynamicUpdates="false"/>
        <resourceProperties xmi:id="J2EEResourceProperty_1433232674389" name="webSphereDefaultIsolationLevel" type="java.lang.Integer" value="" description="Specifies a default transaction isolation level for new connections. Resource References and Access Intents override this value. To configure a default transaction isolation level, use the constants defined by JDBC: 1 (READ UNCOMMITTED), 2 (READ COMMITTED), 4 (REPEATABLE READ), 8 (SERIALIZABLE)." required="false" ignore="false" confidential="false" supportsDynamicUpdates="false"/>
        <resourceProperties xmi:id="J2EEResourceProperty_1433232674390" name="webSphereDefaultQueryTimeout" type="java.lang.Integer" value="" description="Sets a default query timeout, which is the number of seconds (0 means infinite) that a SQL statement may execute before timing out. This default value is overridden during a JTA transaction if custom property syncQueryTimeoutWithTransactionTimeout is enabled." required="false" ignore="false" confidential="false" supportsDynamicUpdates="false"/>
        <resourceProperties xmi:id="J2EEResourceProperty_1433232674391" name="enableClientInformation" type="java.lang.Boolean" value="false" description="Enables the implicit passing of client information on database connections. The client information provided on each connection is the same as for the WAS.clientinfo trace group. Whereas the WAS.clientinfo trace is configured on an application server, the enableClientInformation property applies to a data source configuration." required="false" ignore="false" confidential="false" supportsDynamicUpdates="false"/>
        <resourceProperties xmi:id="J2EEResourceProperty_1433232798668" name="user" type="java.lang.String" value="webeege_ousr" description="username" required="false"/>
        <resourceProperties xmi:id="J2EEResourceProperty_1433232803365" name="password" type="java.lang.String" value="{xor}KDo9Ojo4OgAwKiwt" description="password" required="false"/>
      </propertySet>
      <connectionPool xmi:id="ConnectionPool_1433232674354" connectionTimeout="60" maxConnections="10" minConnections="0" reapTime="45" unusedTimeout="60" agedTimeout="600" purgePolicy="EntirePool" numberOfSharedPoolPartitions="0" numberOfUnsharedPoolPartitions="0" numberOfFreePoolPartitions="0" freePoolDistributionTableSize="0" surgeThreshold="-1" surgeCreationInterval="0" testConnection="false" testConnectionInterval="0" stuckTimerTime="0" stuckTime="0" stuckThreshold="0"/>
    </factories>
  </resources.jdbc:JDBCProvider>
</xmi:XMI>
